"","ind1","ind2","t"
"57",1,16,10087.0774343022
"58",2,15,13747.55511722
"59",3,10,12818.7924491031
"60",4,7,8026.30547720862
"61",5,19,9510.06763123161
"102",6,24,6265.74489170405
"103",7,14,8568.08364682304
"104",8,4,9338.27067579752
"105",9,5,12357.6540888661
"106",10,12,7671.49531381007
"107",11,9,12654.8952580612
"108",12,5,11442.1719398735
"109",13,31,12021.3740859957
"147",14,1,14608.1031857689
"148",15,17,7980.81868864263
"149",16,24,11028.442185649
"150",17,25,10530.3782224407
"151",18,11,12226.7969839543
"152",19,12,12877.2861687551
"153",20,28,13527.8842079652
"154",21,32,10837.58341729
"155",22,20,6684.24531293668
"156",23,43,15086.616393813
"193",24,49,7843.03978925836
"194",25,34,9532.34458815016
"195",26,35,13780.9168737434
"196",27,36,7096.89043530605
"197",28,20,15349.5116567777
"198",29,21,12134.2190338544
"199",30,19,18148.2959230837
"200",31,20,13549.9432210742
"201",32,21,10974.2109462056
"202",33,58,8148.49208377569
"238",34,14,9736.49668070818
"239",35,48,6970.39059066434
"240",36,49,9692.24237470467
"241",37,50,9149.11876792826
"242",38,51,9668.05369540064
"243",39,52,12244.246587212
"244",40,28,11203.3142902546
"245",41,29,19179.3705253095
"246",42,30,11678.7138784559
"247",43,31,12812.0528947523
"248",44,77,10219.7757847477
"253",45,84,8740.09781256086
"254",46,85,8767.70206054217
"255",47,85,12247.7021810166
"283",48,91,10494.0979290476
"284",49,66,10563.9070335473
"285",50,67,6763.15338037452
"286",51,68,11040.978709027
"287",52,72,8909.36295809468
"288",53,40,7274.43089353822
"289",54,38,8575.62423021417
"290",55,39,10643.8189101154
"291",56,40,17962.3734968325
"292",57,41,9973.84963588631
"293",58,42,14500.6834452404
"294",59,76,9925.84325042639
"299",60,81,7213.46844068066
"300",61,47,11647.1266624778
"301",62,60,7025.24299480258
"302",63,65,8467.49799511039
"303",64,47,9315.86784245272
"304",65,115,9373.51789284129
"328",66,34,8930.02363388072
"329",67,50,12705.4602286449
"330",68,123,14267.5730611447
"331",69,96,10071.7311705608
"332",70,53,9211.43198640617
"333",71,51,9290.77438905054
"334",72,52,12938.4304164018
"335",73,53,10891.9196394092
"336",74,54,10395.3024357239
"337",75,55,8835.6268750701
"338",76,56,11520.6400812112
"339",77,57,10827.2250430245
"340",78,80,6877.91515207719
"341",79,77,7823.23171929289
"342",80,104,8931.25322744312
"343",81,105,10032.9485665152
"344",82,80,6892.77598005542
"345",83,85,8402.67608038282
"346",84,62,11414.1991687154
"347",85,63,10213.1606570924
"348",86,64,11177.2222432695
"349",87,65,8438.93526605374
"350",88,86,8908.6124706012
"351",89,117,7951.0353861332
"352",90,147,14111.0268512925
"373",91,153,8711.11171505727
"374",92,48,7758.95097778754
"375",93,49,6048.05324204608
"376",94,155,9526.54716805038
"377",95,68,5895.06497590218
"378",96,69,6906.60117365103
"379",97,70,13007.8553311972
"380",98,71,12720.5659373831
"381",99,72,11460.1324067489
"382",100,73,11942.9782765606
"383",101,74,12443.1785892466
"384",102,75,10557.0632754159
"385",103,76,15782.8656408121
"386",104,77,8231.19064342616
"387",105,78,9102.32721099545
"388",106,79,9745.02443415757
"389",107,80,15641.8315915596
"390",108,81,6403.86132919262
"391",109,82,11010.7775405406
"392",110,85,16513.0004880883
"393",111,86,14334.6208199708
"394",112,87,8309.74544758672
"395",113,88,9450.27460940355
"396",114,89,6406.23841665946
"397",115,90,13121.8344142632
"398",116,114,7809.34072497784
"399",117,119,9793.17340972804
"400",118,150,11099.4146438825
"401",119,181,12397.7477622922
"418",120,122,6723.51785394636
"419",121,66,5489.74800161015
"420",122,67,8254.855361562
"421",123,156,7696.74232655336
"422",124,93,9233.43126889777
"423",125,94,7550.08431884585
"424",126,95,9565.59977503538
"425",127,96,9715.22552530568
"426",128,97,9157.08686720247
"427",129,98,12117.0226897511
"428",130,99,12107.4401870441
"429",131,100,12090.4208133666
"430",132,101,8432.86268150579
"431",133,102,5567.59402450924
"432",134,103,10086.5126762574
"433",135,104,11637.0037997904
"434",136,105,12021.3253247353
"435",137,106,7267.27016292146
"436",138,107,9201.64954496418
"437",139,108,9076.83720866133
"438",140,109,11650.7430720698
"439",141,112,14216.8489830233
"440",142,113,11528.6357339208
"441",143,114,10557.5207813964
"442",144,115,13379.5430592744
"443",145,116,11198.7890037913
"444",146,117,9904.00975810123
"445",147,118,14649.2051038099
"446",148,119,10703.1444591066
"447",149,117,9361.3203302947
"448",150,118,13993.15092575
"449",151,218,19344.0107568571
"464",152,122,14497.1881031491
"465",153,92,10671.2996099852
"466",154,93,8804.10332518945
"467",155,191,5886.74663173808
"468",156,123,8503.19633357404
"469",157,124,6893.58339819395
"470",158,125,10699.07773141
"471",159,126,13050.5116673756
"472",160,127,8520.9809615218
"473",161,128,10890.5828947166
"474",162,129,9023.08515806171
"475",163,130,12609.5162012803
"476",164,131,14004.8459635706
"477",165,132,8112.69968574086
"478",166,133,7132.18927521508
"479",167,134,13040.9860534754
"480",168,135,8808.22956043571
"481",169,136,9232.85791908006
"482",170,137,8993.99196936441
"483",171,138,16399.8102896166
"484",172,139,9817.18275474883
"485",173,142,15211.6052136728
"486",174,143,15299.5763749832
"487",175,144,12038.2304435634
"488",176,145,12303.4018303803
"489",177,146,14290.4728531413
"490",178,147,7401.40169482245
"491",179,148,15815.824721421
"492",180,149,9316.7533890198
"493",181,150,14011.3304705634
"494",182,151,16853.3403959816
"495",183,256,10664.1673599281
"496",184,256,11656.9001921075
"497",185,151,6663.78239516195
"498",186,184,8681.75630666749
"510",187,225,11183.8266427269
"511",188,122,4873.48680583238
"512",189,123,5601.46309623782
"513",190,154,8268.37150154105
"514",191,155,8141.29347647598
"515",192,156,11125.831793225
"516",193,157,9686.82726836533
"517",194,158,7592.86090387063
"518",195,159,15377.3135825964
"519",196,160,7155.62896060027
"520",197,161,7377.66182215676
"521",198,162,9451.10778002128
"522",199,163,12105.9342507138
"523",200,164,13013.9540295741
"524",201,165,6263.66009169988
"525",202,166,7489.94239063501
"526",203,167,7914.89456050744
"527",204,168,8807.98750189082
"528",205,169,10057.4614200188
"529",206,170,11485.6040586661
"530",207,171,11076.3487250496
"531",208,174,10490.005312959
"532",209,175,15012.9856794177
"533",210,176,8914.57145471117
"534",211,177,15276.1874168648
"535",212,178,7187.8189154667
"536",213,179,8109.20648769271
"537",214,180,15135.085731202
"538",215,181,16406.9274214885
"539",216,182,13573.8023455933
"540",217,183,8737.49828845343
"541",218,184,9896.01142891158
"542",219,185,11179.943130047
"543",220,186,10622.1746685384
"544",221,298,5826.85314838844
"545",222,298,9423.84064744595
"546",223,221,7765.04923069868
"556",224,302,8963.32504347766
"557",225,154,5427.59874623377
"558",226,303,5950.94205585785
"559",227,189,11240.582526243
"560",228,190,11569.4667555817
"561",229,191,9819.69553788173
"562",230,192,9068.65701471038
"563",231,193,11505.4359230471
"564",232,194,13143.6130823099
"565",233,195,10038.5806839445
"566",234,196,6591.30553684203
"567",235,197,11436.946795583
"568",236,198,6409.29660142445
"569",237,199,13219.6987321694
"570",238,200,10358.7749902515
"571",239,201,12561.8923402026
"572",240,202,7878.81134153791
"573",241,203,11888.8049002187
"574",242,204,10571.8196667781
"575",243,205,8989.22327879089
"576",244,206,9092.9741748086
"577",245,207,9427.46367432272
"578",246,210,11887.131496642
"579",247,211,11964.8247244656
"580",248,212,5665.23043689486
"581",249,213,8606.1756077778
"582",250,214,9626.65271663137
"583",251,215,11082.4370568268
"584",252,216,9602.64341202625
"585",253,217,8625.19718380462
"586",254,218,8318.4105851918
"587",255,219,11200.0259791177
"588",256,220,8768.37586330553
"589",257,221,11709.8131091808
"590",258,222,13645.0507662841
"591",259,338,10417.5400429014
"592",260,298,7707.58507681312
"593",261,380,10294.290841633
"601",262,188,9325.49141403893
"602",263,341,5426.31207240239
"603",264,189,6010.03638761253
"604",265,225,5803.86418785729
"605",266,226,9807.00530630469
"606",267,227,11060.5642371067
"607",268,228,11310.920010222
"608",269,229,9435.31692643331
"609",270,230,11909.8033830249
"610",271,231,12118.3410667171
"611",272,232,14629.5436275652
"612",273,233,17092.0696438516
"613",274,234,12728.4387364599
"614",275,235,9825.4513746988
"615",276,236,7035.46515991925
"616",277,237,9875.47570181847
"617",278,238,9343.59423037564
"618",279,239,10721.0643384867
"619",280,240,9372.68928409181
"620",281,241,10607.4547083452
"621",282,242,9656.72938585779
"622",283,243,7927.32617655963
"623",284,244,10644.8493141632
"624",285,247,13313.376742611
"625",286,248,9228.96541820427
"626",287,249,8146.08710494012
"627",288,250,9204.92969175449
"628",289,251,11859.6429663714
"629",290,252,11805.7873593732
"630",291,253,11273.187440545
"631",292,254,14190.9239301917
"632",293,255,12924.4050420404
"633",294,256,13411.8204348084
"634",295,257,7548.81256495516
"635",296,258,14275.8789303175
"636",297,259,7526.67453900627
"637",298,260,9348.92988849604
"638",299,379,8084.04578556716
"639",300,379,11160.6481279116
"647",301,264,12014.7700945949
"648",302,383,5593.8527655264
"649",303,263,7810.0927646574
"650",304,264,8225.08359537372
"651",305,265,8453.81288960599
"652",306,266,9513.04994008365
"653",307,267,12328.389420981
"654",308,268,9578.10925269237
"655",309,269,7826.92095831526
"656",310,270,10613.4027777829
"657",311,271,14141.6941138651
"658",312,272,10137.6405723675
"659",313,273,13702.6522110832
"660",314,274,11297.3379981384
"661",315,275,13319.0583801598
"662",316,276,12576.5403582722
"663",317,277,15078.5516968124
"664",318,278,12433.7574751378
"665",319,279,9177.04034466376
"666",320,280,6959.29576769922
"667",321,281,9557.09738262312
"668",322,282,9082.33775098739
"669",323,283,9487.2745081101
"670",324,286,12792.2520438257
"671",325,287,9905.43812973862
"672",326,288,6401.93394257438
"673",327,289,11532.5110772826
"674",328,290,14027.055904015
"675",329,291,14655.4322157618
"676",330,292,10099.1590516567
"677",331,293,13609.1607703593
"678",332,294,13788.3968682804
"679",333,295,9641.98261212213
"680",334,296,12523.4218292126
"681",335,297,9676.56086470272
"682",336,298,10640.0029151988
"683",337,299,11768.0446722234
"684",338,417,5413.24833971569
"685",339,260,5243.66814088377
"686",340,379,10234.6973885296
"693",341,383,8169.75724344354
"694",342,384,7669.1694227164
"695",343,302,9248.31845135175
"696",344,303,10232.7062080373
"697",345,304,7887.28467933934
"698",346,305,8425.33038681067
"699",347,306,10117.3696529833
"700",348,307,10348.9026864382
"701",349,270,6643.24142571908
"702",350,271,7088.22377790668
"703",351,272,10056.8822144292
"704",352,431,8310.04521494996
"705",353,312,13763.2323218093
"706",354,313,9643.60430818459
"707",355,314,10386.9047616545
"708",356,315,12096.5376798962
"709",357,316,13874.4859616604
"710",358,317,10354.1405730042
"711",359,318,14971.7969715023
"712",360,319,11926.3495864635
"713",361,320,10688.7954328901
"714",362,321,9370.05339225368
"715",363,322,8994.99248389061
"716",364,323,12494.6579672649
"717",365,326,11845.1923045333
"718",366,327,14812.9363344476
"719",367,328,9650.82806763215
"720",368,329,11068.9636649976
"721",369,330,10141.4129246256
"722",370,331,13739.0181533047
"723",371,332,13506.0350014291
"724",372,333,12864.8202059706
"725",373,334,8756.26973826273
"726",374,335,8914.69694898405
"727",375,336,9631.8027079828
"728",376,337,12980.7115239163
"729",377,338,9634.92820704295
"730",378,457,4500.41182622491
"731",379,417,7475.71792975406
"732",380,300,7441.72909896218
"733",381,503,8879.77668727091
"739",382,302,6461.73823540995
"740",383,464,5215.60725808573
"741",384,342,7712.18250480408
"742",385,343,8481.8799569788
"743",386,344,10306.1228139012
"744",387,345,6291.69713813794
"745",388,346,10484.6082647131
"746",389,470,7128.14411479144
"747",390,309,7322.22693337335
"750",391,474,5674.86372323079
"751",392,352,16256.2725061987
"752",393,353,13226.2141850851
"753",394,354,12048.8940723882
"754",395,355,7504.86938277496
"755",396,356,13229.895540198
"756",397,357,20784.8891937268
"757",398,358,20471.6500078234
"758",399,359,11152.9709668205
"759",400,360,12173.2428831117
"760",401,361,12025.4416724662
"761",402,362,12592.6737176602
"762",403,363,7053.96957666166
"763",404,366,13961.9863779241
"764",405,367,11257.2681967554
"765",406,368,14032.0719511207
"766",407,369,10489.7685599804
"767",408,370,12414.1408154116
"768",409,371,14950.3481971799
"769",410,372,12432.6339173778
"770",411,373,13295.290327793
"771",412,374,13070.4858779054
"772",413,375,9883.47104403978
"773",414,376,9494.67624750282
"774",415,377,15902.0203921232
"775",416,378,6216.79306242026
"776",417,500,7979.50473147402
"777",418,457,9640.10406642283
"778",419,340,13507.1013693228
"779",420,459,9610.86141043722
"785",421,464,4885.51037999772
"786",422,507,4043.86297898908
"787",423,383,8315.42936393425
"788",424,384,7792.38844902342
"789",425,385,8269.21158261481
"790",426,386,10276.0450748731
"791",427,387,12998.8583726507
"792",428,513,3723.11949351537
"794",429,351,7516.4427304047
"795",430,351,5973.11056826815
"796",431,517,6397.60482318221
"797",432,391,5418.27530892038
"798",433,392,8134.79509248926
"799",434,393,10322.7806283564
"800",435,394,10548.4822599946
"801",436,395,9211.17118966319
"802",437,396,17128.4070006162
"803",438,397,9647.35391544832
"804",439,398,11399.4828788987
"805",440,399,11323.921072898
"806",441,400,13158.8490230544
"807",442,401,12255.8650896533
"808",443,402,11460.4493035235
"809",444,403,10404.4396331367
"810",445,406,11043.5723397588
"811",446,407,14633.9872502303
"812",447,408,8148.56086745598
"813",448,409,9675.27863538895
"814",449,410,10500.0510213944
"815",450,411,10195.3994992673
"816",451,412,14560.0261905523
"817",452,413,14259.3887494177
"818",453,414,12235.1772764928
"819",454,415,11202.1197447119
"820",455,416,12704.1810580323
"821",456,417,7445.86249571941
"822",457,418,11508.8688319701
"823",458,500,9306.22102475504
"824",459,380,6777.94447341738
"825",460,381,8928.7485772311
"826",461,591,9905.57308550397
"830",462,593,5120.63705085626
"831",463,507,4155.45169935527
"832",464,421,6204.93731060933
"833",465,422,6359.39215806626
"834",466,423,6813.24449548052
"835",467,424,7138.18030714213
"836",468,425,7830.53352836842
"837",469,426,8302.60157485865
"838",470,557,3742.8145928483
"839",471,558,5808.82779625291
"840",472,559,4526.77740032292
"841",473,429,6908.81522891641
"842",474,430,7051.74560903611
"843",475,431,6792.6383030136
"844",476,432,6613.10931089653
"845",477,433,6626.03104199915
"846",478,434,13512.6021382708
"847",479,435,13960.8300701232
"848",480,436,9785.3170735689
"849",481,437,5364.70259581329
"850",482,438,10003.5233149978
"851",483,439,11777.1194346665
"852",484,440,14102.5671636964
"853",485,441,19156.0021216993
"854",486,442,7785.00791312873
"855",487,443,14123.5942210973
"856",488,532,12263.5704524185
"857",489,447,10666.2323389211
"858",490,448,14651.0020992676
"859",491,449,12975.4428659193
"860",492,450,11171.9854653239
"861",493,451,9294.99735497123
"862",494,452,11550.4942923701
"863",495,453,13745.0114397545
"864",496,454,13738.0353778301
"865",497,455,7485.07887578525
"866",498,456,9821.31451388124
"867",499,457,8700.580484962
"868",500,458,10869.5610345029
"869",501,588,6643.24764135335
"870",502,419,6867.52938772268
"871",503,420,6745.24921751608
"872",504,420,6149.46562262162
"876",505,594,3807.8977549477
"877",506,551,4083.79860731314
"878",507,463,5917.26425650259
"879",508,464,5843.24246108116
"880",509,465,6680.46403164216
"881",510,466,6601.68415932002
"882",511,467,7183.24000465217
"883",512,468,7763.71273773559
"884",513,469,5667.40628297566
"885",514,470,6090.76583284786
"886",515,471,6702.71974090699
"887",516,472,7267.38614041322
"888",517,473,7196.1746096417
"889",518,474,9366.00007264899
"890",519,475,6999.35474786283
"891",520,476,11021.5402833085
"892",521,477,10477.7031122536
"893",522,478,8466.47704301691
"894",523,479,9759.51626014949
"895",524,480,9665.48462199109
"896",525,481,12155.6079643682
"897",526,482,17260.4552216969
"898",527,483,10311.510353345
"899",528,484,12326.8195193913
"900",529,485,14712.4496818607
"901",530,575,13737.1265166318
"902",531,576,12218.0344421073
"903",532,577,7875.75749054318
"904",533,491,11488.4158177571
"905",534,492,10899.3782997836
"906",535,493,11556.8805444428
"907",536,494,9383.34891953357
"908",537,495,12159.9828448574
"909",538,496,13709.0248510974
"910",539,497,12145.7949749733
"911",540,498,6566.4124126925
"912",541,499,9060.40499808965
"913",542,500,9617.09638391214
"914",543,501,9462.04591150533
"915",544,632,8808.42403638891
"916",545,459,6608.44041893295
"917",546,460,5747.57322724863
"918",547,461,4688.92662744633
"919",548,635,7330.77288164985
"922",549,463,3954.3214014942
"923",550,505,5775.63511228926
"924",551,506,5499.19184397134
"925",552,507,5349.82531455582
"926",553,508,6046.07940255257
"927",554,509,6394.45881797383
"928",555,510,6816.29718451852
"929",556,511,7003.77309633834
"930",557,512,5521.97194415327
"931",558,513,5803.36826861895
"932",559,514,6005.10537471688
"933",560,515,6680.49127134637
"934",561,516,8211.17320097922
"935",562,517,7687.00265008841
"936",563,518,8015.1241812984
"937",564,519,7745.2771894863
"938",565,520,7901.9262871844
"939",566,521,9570.69160589679
"940",567,522,11774.5862222194
"941",568,523,11212.0699820514
"942",569,524,14649.8540467292
"943",570,525,9202.16214256254
"944",571,526,10928.9355717791
"945",572,527,10300.4284303096
"946",573,618,10435.1939158067
"947",574,619,16578.0165768924
"948",575,620,10939.2742647085
"949",576,621,7805.11758147615
"950",577,622,10559.3958175088
"951",578,623,15704.394541426
"952",579,624,12436.0332661198
"953",580,537,7895.86163124011
"954",581,538,7607.61398436186
"955",582,539,8663.73987298031
"956",583,540,8797.40344878244
"957",584,541,13245.6566870066
"958",585,542,12844.1010469421
"959",586,543,13791.9476088222
"960",587,544,13812.4131646946
"961",588,545,10054.0585467307
"962",589,632,6631.76664874818
"963",590,503,6520.48846370482
"964",591,636,8193.92588629165
"965",592,677,6677.53388042383
"968",593,680,5828.09293074311
"969",594,680,3797.45688525819
"970",595,681,3664.1699425155
"971",596,551,5752.27378107727
"972",597,552,5611.93480203987
"973",598,553,6214.96174872098
"974",599,554,6460.28131453956
"975",600,555,6461.17848674012
"976",601,556,6238.88013962179
"977",602,557,5510.25753426651
"978",603,558,6848.5158386555
"979",604,559,7027.9483691744
"980",605,560,7095.65410760662
"981",606,561,7452.42665253488
"982",607,562,8378.6990378591
"983",608,563,11227.8284604904
"984",609,564,7760.36384635415
"985",610,565,5908.06284159985
"986",611,566,5094.87948132298
"987",612,567,9317.00793831048
"988",613,568,12103.7713197806
"989",614,569,9987.78370952479
"990",615,527,9839.04512082813
"991",616,528,10169.1803943015
"992",617,529,9011.95748040436
"993",618,661,11693.0354188212
"994",619,662,11892.054777813
"995",620,663,9663.29708364491
"996",621,664,7394.86749240251
"997",622,665,10161.780784158
"998",623,666,8733.20750446959
"999",624,667,8597.2873711903
"1000",625,668,10227.095289697
"1001",626,669,9460.20076149857
"1002",627,584,9632.3028940591
"1003",628,585,10197.6458339401
"1004",629,586,15372.9920442442
"1005",630,587,8677.76387444567
"1006",631,588,12022.2748651087
"1007",632,589,7367.52754362258
"1008",633,716,7064.25708528341
"1009",634,677,6908.17726388943
"1010",635,678,6167.60214456415
"1011",636,547,6200.06758658272
"1014",637,550,5901.50227349825
"1016",638,723,3584.15445720504
"1017",639,595,5332.9820517494
"1018",640,596,5382.3809675847
"1019",641,597,5443.22112391545
"1020",642,598,5628.1905878276
"1021",643,599,6192.44114271561
"1022",644,600,5313.55586708797
"1023",645,601,5184.36770149267
"1024",646,602,6690.38219184755
"1025",647,603,6476.05202147931
"1026",648,604,6994.05456664634
"1027",649,605,8141.35825948966
"1028",650,606,5479.23713452171
"1029",651,607,8993.85238994438
"1030",652,608,8094.22662285379
"1031",653,609,6102.85355937471
"1032",654,567,3665.70061142701
"1033",655,568,7779.20283452179
"1034",656,654,5982.13054975624
"1035",657,741,7314.27553485473
"1036",658,656,12556.2418387222
"1038",659,573,7675.07586234164
"1039",660,702,9005.50939688058
"1040",661,703,14034.2541664553
"1041",662,704,9032.33184587887
"1042",663,705,10710.321898702
"1043",664,706,6738.76366130247
"1044",665,707,11083.1779585324
"1045",666,708,14184.5427501452
"1046",667,709,9746.45438434993
"1047",668,710,8527.83910779175
"1048",669,711,10531.9018017055
"1049",670,712,11192.8742473355
"1050",671,713,10192.6032871274
"1051",672,714,6006.06296480564
"1052",673,715,9379.23419521495
"1053",674,716,10559.0377019457
"1054",675,717,10365.3646882035
"1055",676,633,7507.05496423021
"1056",677,634,7167.83654469951
"1057",678,762,5924.85536002854
"1060",679,765,3647.0727771178
"1061",680,594,4215.48462811597
"1062",681,595,3933.56501342534
"1063",682,723,5568.7603727268
"1064",683,724,5836.70010358765
"1065",684,725,5672.06952773965
"1066",685,726,5689.75791739405
"1067",686,727,5819.43078509939
"1068",687,728,6045.65018473116
"1069",688,644,6386.86519579536
"1070",689,645,6728.82108460818
"1071",690,646,6083.18519981711
"1072",691,647,6203.84750057629
"1073",692,648,7040.28055081242
"1074",693,649,8591.82833809037
"1075",694,650,5484.42859288167
"1076",695,651,8767.11568613711
"1077",696,652,8192.50496736539
"1078",697,611,7033.7134252681
"1080",698,697,7031.18202286685
"1083",699,785,6157.65267269327
"1084",700,617,11295.1121151598
"1085",701,746,10753.219362765
"1086",702,747,12291.6473414076
"1087",703,748,6180.66945268105
"1088",704,749,10345.471822343
"1089",705,750,10746.7261943261
"1090",706,751,13097.5984977983
"1091",707,752,13877.0844702926
"1092",708,753,10430.9597468126
"1093",709,754,9262.0242381803
"1094",710,755,9171.79380654576
"1095",711,756,10969.8431227426
"1096",712,757,7900.93815133331
"1097",713,758,15655.9766049882
"1098",714,759,9802.88581624908
"1099",715,760,10604.4929516289
"1100",716,633,5872.22981318385
"1101",717,803,6744.21350860803
"1102",718,678,5485.07714621054
"1103",719,635,8765.40780842451
"1105",720,593,5730.8679650177
"1106",721,680,4907.16366934536
"1107",722,764,3919.76196382361
"1108",723,638,3532.99698082288
"1109",724,639,4332.15988230867
"1110",725,766,5196.21940977112
"1111",726,767,5184.55054325786
"1112",727,768,5205.2302854785
"1113",728,769,5230.14397140421
"1114",729,770,5229.72751921007
"1115",730,771,5605.80683800115
"1116",731,772,6678.27949019245
"1117",732,773,5913.36117900493
"1118",733,774,6011.7405634078
"1119",734,691,8478.3263946503
"1120",735,692,8453.4782434994
"1121",736,693,7971.18941507251
"1122",737,694,6107.40539900075
"1123",738,695,7666.91256195198
"1124",739,654,6719.83839327935
"1125",740,824,4030.97446897361
"1127",741,743,8255.58011312345
"1128",742,744,9386.94836553695
"1129",743,741,6212.65142954739
"1130",744,787,8486.23274736185
"1131",745,788,5996.26976263735
"1132",746,789,8065.48205814019
"1133",747,790,9483.89054794514
"1134",748,791,9568.69592606865
"1135",749,792,5449.43914419979
"1136",750,793,13757.2850513595
"1137",751,794,8448.85132997449
"1138",752,795,7522.67976555703
"1139",753,796,7364.80031834343
"1140",754,797,8782.57568582933
"1141",755,798,7527.13780803029
"1142",756,799,11200.4167187275
"1143",757,800,15732.3411957508
"1144",758,801,9703.02903085569
"1145",759,674,6336.71643750774
"1146",760,844,10433.2869398907
"1147",761,845,7009.72935873354
"1148",762,846,8632.33451248129
"1149",763,636,9024.93642961338
"1152",764,847,6034.58811533741
"1153",765,847,7428.84460029453
"1155",766,682,3615.07738597851
"1156",767,808,5766.52848815967
"1157",768,809,5105.7360660461
"1158",769,810,5870.96479178476
"1159",770,811,5823.07058594191
"1160",771,812,5076.48440769531
"1161",772,813,5495.80877316515
"1162",773,814,6080.97857460569
"1163",774,815,6350.35327030052
"1164",775,816,6414.78097734476
"1165",776,817,6165.80498960333
"1166",777,818,6471.18533903543
"1167",778,735,7928.75289130895
"1168",779,736,6469.44437274269
"1169",780,823,5231.3112516443
"1170",781,824,5147.86331573124
"1171",782,864,4427.35028703156
"1172",783,698,4303.84010417856
"1173",784,785,4086.18869742831
"1175",785,699,4781.47473445546
"1176",786,830,6429.82965033314
"1177",787,701,5840.90700558015
"1178",788,702,6737.30317173485
"1179",789,703,6673.36764905744
"1180",790,833,9157.46074993292
"1181",791,834,8429.07451478755
"1182",792,835,7942.51712973409
"1183",793,836,8529.26439493335
"1184",794,837,8245.84941560701
"1185",795,838,8371.57706208405
"1186",796,839,14131.0934141163
"1187",797,840,10109.3449498925
"1188",798,841,5310.62429792302
"1189",799,842,15147.2190933466
"1190",800,843,9531.23100248442
"1191",801,715,6268.83853993933
"1192",802,884,7954.11650926685
"1193",803,885,8215.00315932259
"1194",804,761,4820.70831435631
"1198",805,722,7580.86536413771
"1199",806,887,4979.97276249031
"1200",807,847,7231.97377672144
"1201",808,724,4000.45892323479
"1202",809,849,6770.32120870395
"1203",810,850,5485.43328060399
"1204",811,851,5283.80576486452
"1205",812,852,5709.57912007117
"1206",813,853,5292.10799528637
"1207",814,854,5207.8463603672
"1208",815,855,5824.93245300124
"1209",816,856,5704.89214103179
"1210",817,857,5145.79222996028
"1211",818,858,5975.42325986226
"1212",819,859,6413.45431348181
"1213",820,736,4163.13939303643
"1214",821,737,4302.41669859744
"1215",822,738,4313.43122366175
"1216",823,864,5071.69245456859
"1217",824,865,5221.54057606936
"1218",825,906,4807.93256516493
"1219",826,907,4435.4258389844
"1220",827,908,4792.39380429059
"1221",828,743,7066.17349512588
"1222",829,869,5227.75919058013
"1223",830,745,4102.13463011966
"1225",831,747,6006.57750644699
"1226",832,873,9438.98924508226
"1227",833,874,10047.6880043361
"1228",834,875,9888.10079392006
"1229",835,876,10162.2947435648
"1230",836,877,14618.5366367021
"1231",837,878,14653.7189482827
"1232",838,879,15680.8998837657
"1233",839,880,11136.6944912063
"1234",840,881,6686.69473120807
"1235",841,882,13555.4111268002
"1236",842,883,8008.44558644902
"1237",843,800,9011.82015911136
"1238",844,924,5736.1231248577
"1239",845,925,8423.77009742908
"1240",846,763,12558.8792560621
"1245",847,807,6711.22892549638
"1246",848,887,9319.69141652616
"1247",849,888,9164.37014217756
"1248",850,889,12243.3761724913
"1249",851,890,9368.23897120562
"1250",852,891,8488.01833126608
"1251",853,892,5621.02881413377
"1252",854,893,5175.2178599368
"1253",855,894,5071.47127410125
"1254",856,895,5209.07608112156
"1255",857,896,5071.99539979271
"1256",858,897,5542.03281944197
"1257",859,898,5839.41186629253
"1258",860,899,6067.63728503923
"1259",861,778,4142.33071900024
"1261",862,780,3596.6007402847
"1262",863,905,6196.63038881111
"1263",864,906,5282.47842562658
"1264",865,783,3574.00900481472
"1266",866,947,5312.55108928109
"1267",867,910,5720.37815134514
"1268",868,786,5348.27487104689
"1269",869,949,4777.49877282922
"1270",870,789,4958.40023963808
"1271",871,951,5380.72308438486
"1272",872,790,7249.95104683307
"1273",873,914,7127.56413476834
"1274",874,915,10634.7481611877
"1275",875,916,7542.24432684804
"1276",876,917,9298.5816981934
"1277",877,918,6687.41795621901
"1278",878,919,7591.06310872739
"1279",879,920,8677.09120006954
"1280",880,921,5157.50081309293
"1281",881,922,11247.8491867081
"1282",882,800,7214.83866604984
"1283",883,842,7880.86628207651
"1284",884,964,7525.88229944121
"1285",885,965,5528.43455155008
"1286",886,1005,14608.9920214583
"1291",887,805,3754.7515430457
"1292",888,807,7513.29505338856
"1293",889,927,7545.6873562156
"1294",890,928,8565.81988825498
"1295",891,929,9006.81712354339
"1296",892,930,10829.5406536893
"1297",893,931,9379.74709757447
"1298",894,932,8567.07693764824
"1299",895,933,6100.47302635867
"1300",896,934,5473.68814930252
"1301",897,935,5288.71325648166
"1302",898,936,5156.5471076574
"1303",899,937,5718.0675848389
"1304",900,938,5411.70332406457
"1305",901,820,3965.19504718326
"1306",902,821,3856.47207898463
"1307",903,822,4105.50936931015
"1308",904,944,6312.26079384301
"1309",905,945,5123.3935224468
"1310",906,825,3651.07527046909
"1311",907,826,3967.68873256253
"1312",908,827,4150.3354133858
"1313",909,828,4905.30689395116
"1314",910,988,3996.84472208068
"1316",911,831,3888.74908999063
"1318",912,832,6000.78592787682
"1319",913,954,7621.3960033768
"1320",914,955,7731.36911691577
"1321",915,956,7860.16226100452
"1322",916,957,8648.77042274532
"1323",917,958,9280.53184365048
"1324",918,959,11045.4456287397
"1325",919,960,5750.00369674657
"1326",920,961,5017.476941048
"1327",921,962,5265.65411354337
"1328",922,842,9170.83772440571
"1329",923,882,9398.62749899027
"1330",924,1004,9259.73826246945
"1331",925,1004,10419.2327916599
"1337",926,805,6189.77884128875
"1338",927,889,4336.0148881771
"1339",928,966,9173.18366077825
"1340",929,967,8731.06386490744
"1341",930,968,9591.56531973698
"1342",931,969,7913.71057993519
"1343",932,970,10024.1328253141
"1344",933,971,11261.4661412713
"1345",934,972,9587.79132976954
"1346",935,973,6163.52630703569
"1347",936,974,7834.60063098866
"1348",937,975,5353.01786158137
"1349",938,976,5271.86806457534
"1350",939,977,5374.17110940109
"1351",940,978,6394.27465625667
"1352",941,979,5530.27131687249
"1353",942,980,5490.33739968176
"1354",943,983,5494.7870666633
"1355",944,984,5157.56146629967
"1356",945,985,6054.19169719916
"1357",946,986,7154.59387220949
"1358",947,987,6455.96090819105
"1359",948,867,4645.63385345086
"1361",949,1029,3478.61913266369
"1362",950,1030,3794.0164136423
"1363",951,871,4444.03485000722
"1364",952,872,4631.69347881894
"1365",953,994,6667.99545629791
"1366",954,995,6675.91367051243
"1367",955,996,7875.2925141328
"1368",956,997,9128.41128753009
"1369",957,998,7970.25254406622
"1370",958,999,8405.68645129633
"1371",959,1000,6675.89449683291
"1372",960,1001,5208.47263809692
"1373",961,1002,5129.07259569597
"1374",962,882,5931.1516640568
"1375",963,922,4504.02042744987
"1376",964,1043,8576.84160819402
"1377",965,924,10706.2139468549
"1384",966,887,6384.03641527751
"1385",967,1006,8182.54394145072
"1386",968,1007,6160.98332490123
"1387",969,1008,6026.4817658533
"1388",970,1009,6312.29475982746
"1389",971,1010,7591.33386939255
"1390",972,1011,9524.27162545818
"1391",973,1012,9974.9528671041
"1392",974,1013,7818.16578725471
"1393",975,1014,8755.54197258113
"1394",976,1015,7429.65466387263
"1395",977,1016,6645.84935435881
"1396",978,1017,6199.56930250913
"1397",979,1018,5554.07115440264
"1398",980,1019,6136.34203890016
"1399",981,1020,5545.33219275804
"1400",982,1021,5632.30017457795
"1401",983,1024,6148.07223608609
"1402",984,1025,5669.40376571738
"1403",985,1026,6406.77865789303
"1404",986,1027,5916.51452005762
"1405",987,909,3730.05942459461
"1406",988,910,3627.8898649479
"1407",989,1067,4146.47089702967
"1408",990,1031,6109.60667826092
"1409",991,1032,6452.52954217233
"1410",992,1033,9630.71892032595
"1411",993,1034,7250.13764413791
"1412",994,1035,6967.76097592262
"1413",995,1036,6371.49188548387
"1414",996,1037,6311.34114448138
"1415",997,1038,6552.07657102668
"1416",998,1039,6165.6477912978
"1417",999,1040,5811.5000867658
"1418",1000,1041,7614.13557975521
"1419",1001,1042,5234.55440157858
"1420",1002,922,4292.74819137852
"1421",1003,923,5630.59082791358
"1422",1004,925,7473.03861073006
"1423",1005,1120,9259.6865174651
"1430",1006,1046,8051.16028918553
"1431",1007,927,5694.05728823065
"1432",1008,1045,7073.59878322967
"1433",1009,1046,7004.52654673127
"1434",1010,1047,7873.45270896131
"1435",1011,1048,7157.8807985482
"1436",1012,1049,6177.56125727549
"1437",1013,1050,8270.02070275659
"1438",1014,1051,7625.06320631374
"1439",1015,1052,7467.95026821919
"1440",1016,1053,7829.5396615815
"1441",1017,1054,7070.06103014903
"1442",1018,1055,6154.64909562426
"1443",1019,1056,5767.83773113354
"1444",1020,1057,5498.39975433442
"1445",1021,1058,5279.43633156977
"1446",1022,1059,5155.76805984767
"1447",1023,1062,6009.81956563847
"1448",1024,1063,5846.98993840739
"1449",1025,1064,6282.1742237954
"1450",1026,1065,5748.61891070945
"1451",1027,1066,5456.26233289204
"1452",1028,1067,5420.0220467896
"1453",1029,1068,5961.87579174257
"1454",1030,1069,6005.3422425534
"1455",1031,1070,6798.75656990381
"1456",1032,1071,7708.16759719362
"1457",1033,1072,5972.37471825088
"1458",1034,1073,6695.34461953866
"1459",1035,1074,6708.28742901564
"1460",1036,1075,6281.31642403349
"1461",1037,1076,5835.54522216547
"1462",1038,1077,7198.75239124967
"1463",1039,1078,6883.04553751491
"1464",1040,1079,5811.39162904339
"1465",1041,962,4594.10529652376
"1466",1042,1117,3649.23851968627
"1467",1043,964,4730.50295752652
"1468",1044,964,8714.14924665836
"1477",1045,1008,4702.24457557175
"1478",1046,967,5530.75437339811
"1479",1047,1084,7388.81296403668
"1480",1048,1085,8077.65896629923
"1481",1049,1086,6301.4720619985
"1482",1050,1087,6047.50807494939
"1483",1051,1088,6520.60448700425
"1484",1052,1089,6646.32613460275
"1485",1053,1090,6222.52514200286
"1486",1054,1091,6393.32614203507
"1487",1055,1092,6371.20980685065
"1488",1056,1093,7362.81921350201
"1489",1057,1094,7485.81433434054
"1490",1058,1095,6812.59740087194
"1491",1059,1096,5214.49141873496
"1492",1060,1097,5267.01963840943
"1493",1061,1100,6788.84792263263
"1494",1062,1101,5700.39250850355
"1495",1063,1102,5566.55012243949
"1496",1064,1103,5322.76677619901
"1497",1065,1104,5494.63889265651
"1498",1066,1105,5995.74891834909
"1499",1067,1106,5989.68842997219
"1500",1068,1107,6114.14214891687
"1501",1069,1108,7037.69113183365
"1502",1070,1109,6460.59847926201
"1503",1071,1110,5482.78166590005
"1504",1072,1111,6222.33862346285
"1505",1073,1112,5938.5751579013
"1506",1074,1113,5712.35772012659
"1507",1075,1114,5284.2420851516
"1508",1076,1115,6414.92908378317
"1509",1077,1116,6454.68219724446
"1510",1078,1117,6420.32477815718
"1511",1079,1153,6460.41962426642
"1512",1080,1154,4812.48668980673
"1513",1081,1155,3633.33711922028
"1514",1082,1043,7422.23139358318
"1523",1083,1157,6776.251148102
"1524",1084,1157,5027.82784571315
"1525",1085,1121,5920.23692627761
"1526",1086,1122,5932.87940573274
"1527",1087,1123,7230.24846301109
"1528",1088,1124,5689.55176290251
"1529",1089,1125,6115.40506483802
"1530",1090,1126,7175.78733506405
"1531",1091,1127,5663.21252310045
"1532",1092,1128,6393.85955509902
"1533",1093,1129,6712.51925559776
"1534",1094,1130,6778.71908892601
"1535",1095,1131,6035.29325273753
"1536",1096,1132,6610.71315141075
"1537",1097,1133,6103.36862642148
"1538",1098,1134,5585.73895616417
"1539",1099,1137,7140.52808484798
"1540",1100,1138,5471.72230740917
"1541",1101,1139,5265.41876959187
"1542",1102,1140,5506.54859651848
"1543",1103,1141,5651.37634883567
"1544",1104,1142,5808.44178302783
"1545",1105,1143,6022.03920259867
"1546",1106,1144,6167.33265068461
"1547",1107,1145,6376.61405276672
"1548",1108,1146,5789.09043862452
"1549",1109,1147,5688.53246948175
"1550",1110,1148,5216.84667539102
"1551",1111,1149,4981.6144983628
"1552",1112,1150,5257.59694360529
"1553",1113,1151,5458.30136660602
"1554",1114,1152,5419.45309525556
"1555",1115,1153,5449.44605435345
"1556",1116,1041,6108.30253867799
"1557",1117,1078,5438.68617364079
"1558",1118,1079,4653.12857547995
"1559",1119,1043,3563.69267244775
"1560",1120,1118,5117.56549760444
"1570",1121,1158,6142.16384900532
"1571",1122,1046,4388.37479371785
"1572",1123,1157,5500.0225293193
"1573",1124,1158,5587.83813303664
"1574",1125,1159,5456.75012461518
"1575",1126,1160,5567.77507850557
"1576",1127,1161,5541.3515540815
"1577",1128,1162,5593.9570995214
"1578",1129,1163,6000.08633920642
"1579",1130,1164,6204.90937598148
"1580",1131,1165,5641.18183552071
"1581",1132,1166,5472.16215189528
"1582",1133,1167,6435.8203116767
"1583",1134,1168,6421.76809528333
"1584",1135,1169,5796.32519029016
"1585",1136,1170,5611.27478811083
"1586",1137,1173,5684.37463337435
"1587",1138,1174,5140.13057181416
"1588",1139,1175,6180.35741877907
"1589",1140,1176,6031.82106880101
"1590",1141,1177,5781.32947446025
"1591",1142,1178,5473.93525295158
"1592",1143,1179,5605.02941712464
"1593",1144,1180,5150.77308338067
"1594",1145,1181,5131.37323120693
"1595",1146,1182,5487.14954255611
"1596",1147,1183,5205.07231732563
"1597",1148,1184,5382.03287343762
"1598",1149,1185,5299.98633328594
"1599",1150,1186,5115.70666859291
"1600",1151,1187,5363.00380965228
"1601",1152,1078,4586.75058285719
"1602",1153,1078,5079.60649442062
"1603",1154,1187,3576.63527201822
"1604",1155,1120,4227.04600807938
"1605",1156,1154,5496.68034514674
"1617",1157,1085,5833.39796605697
"1618",1158,1085,3799.05760793932
"1619",1159,1188,5338.24260870108
"1620",1160,1189,5043.5940051099
"1621",1161,1190,5118.79448813351
"1622",1162,1191,6248.45700432406
"1623",1163,1192,5471.73158853566
"1624",1164,1193,5474.86541848676
"1625",1165,1194,5247.48009914238
"1626",1166,1195,5614.71729587682
"1627",1167,1196,5972.43461300476
"1628",1168,1197,6141.59462284383
"1629",1169,1198,6509.65716830696
"1630",1170,1199,5414.94881389733
"1631",1171,1200,6056.50419250011
"1632",1172,1203,6066.41520268844
"1633",1173,1204,6112.42672468282
"1634",1174,1205,6180.06855309082
"1635",1175,1206,6326.06740030995
"1636",1176,1207,5348.40861842735
"1637",1177,1208,5374.34020998909
"1638",1178,1209,5007.36466251509
"1639",1179,1210,5385.06915371702
"1640",1180,1211,5786.37861614286
"1641",1181,1212,5377.2431997196
"1642",1182,1213,5151.14357141681
"1643",1183,1214,5215.83878338106
"1644",1184,1215,5393.32657854682
"1645",1185,1216,5127.53029220493
"1646",1186,1115,4424.16703156533
"1647",1187,1154,5192.72298689624
"1664",1188,1190,5383.38888265984
"1665",1189,1123,3872.49286606317
"1666",1190,1219,3819.03730565802
"1667",1191,1217,5129.32575316854
"1668",1192,1218,5769.20361275651
"1669",1193,1219,5644.17966283937
"1670",1194,1220,5793.74594339404
"1671",1195,1221,5657.19565466601
"1672",1196,1222,6280.39528846246
"1673",1197,1223,6226.26457937903
"1674",1198,1224,6682.49512554367
"1675",1199,1225,6037.16246980676
"1676",1200,1226,5497.27198585649
"1677",1201,1227,5112.1376398321
"1678",1202,1230,6392.06555826813
"1679",1203,1231,5534.58984160722
"1680",1204,1232,5389.72203958656
"1681",1205,1233,5296.89833064676
"1682",1206,1234,5383.77775217022
"1683",1207,1235,5559.55918084164
"1684",1208,1236,6077.98601939112
"1685",1209,1237,5561.71667706054
"1686",1210,1238,5402.57080297335
"1687",1211,1239,5781.51528122641
"1688",1212,1240,5744.45482492018
"1689",1213,1241,5391.38357958367
"1690",1214,1242,5068.09626737576
"1691",1215,1240,3674.65132930604
"1692",1216,1151,5129.57114605352
"1712",1217,1160,5320.14850984953
"1713",1218,1160,3714.79503327051
"1714",1219,1217,3681.82274342152
"1715",1220,1218,3673.05574766998
"1716",1221,1219,3786.43212949885
"1717",1222,1193,4207.43504247172
"1718",1223,1194,4056.5689704124
"1719",1224,1195,3839.31910551506
"1720",1225,1223,4710.62122279911
"1721",1226,1228,4145.75083575634
"1722",1227,1243,6375.976919598
"1723",1228,1244,6269.6277298929
"1724",1229,1247,5299.20065056488
"1725",1230,1248,6208.45679179517
"1726",1231,1249,5553.91373826688
"1727",1232,1250,5861.10862248556
"1728",1233,1251,5357.02309216572
"1729",1234,1252,5339.48100140335
"1730",1235,1253,5718.88491990958
"1731",1236,1234,3558.13214759355
"1732",1237,1235,3945.69385963055
"1733",1238,1253,4010.08900612896
"1734",1239,1256,5081.50028714749
"1735",1240,1254,3618.00076169145
"1736",1241,1216,3443.60493368315
"1737",1242,1185,5267.66417067639
"1767",1243,1224,4791.29791145946
"1768",1244,1257,7335.87214894403
"1769",1245,1258,6792.36220572769
"1770",1246,1261,5408.97696425446
"1771",1247,1262,6142.39207433024
"1772",1248,1263,5724.37933052385
"1773",1249,1264,5881.23354244989
"1774",1250,1265,5573.41752264455
"1775",1251,1266,5470.83774412091
"1776",1252,1267,6176.81901389064
"1777",1253,1251,3676.56664417232
"1779",1254,1253,5416.39368143643
"1780",1255,1241,3519.54399387348
"1781",1256,1214,3772.06588967332
"1813",1257,1245,5941.07449772846
"1814",1258,1270,6594.49414334355
"1815",1259,1271,6259.79246003145
"1816",1260,1272,6616.99368846889
"1817",1261,1275,6180.36636685583
"1818",1262,1276,7100.89431064132
"1819",1263,1277,6034.80016528087
"1820",1264,1278,5413.64013168897
"1821",1265,1279,5275.42726101569
"1822",1266,1280,5162.24778438275
"1823",1267,1265,3565.12231651238
"1824",1268,1279,3538.97112445285
"1827",1269,1254,5429.04674601853
"1859",1270,1244,5380.49075391911
"1860",1271,1260,3600.25426746882
"1861",1272,1270,4366.17473108156
"1862",1273,1275,4380.96969173777
"1863",1274,1285,5967.45542311861
"1864",1275,1286,7229.15620146955
"1865",1276,1287,6461.00385811293
"1866",1277,1288,5944.71890498865
"1867",1278,1289,5745.10566042584
"1868",1279,1290,5192.2936858903
"1869",1280,1278,3712.79337528077
"1870",1281,1254,3612.16567977807
"1871",1282,1254,5176.05639549323
"1908",1283,1286,6195.05934293932
"1909",1284,1272,4040.80955004617
"1910",1285,1277,4140.90392574253
"1911",1286,1278,4031.35480674273
"1912",1287,1279,4618.51103440069
"1913",1288,1280,3854.26026137045
"1914",1289,1277,3922.31387534105
"1915",1290,1278,5231.40941439909
